A02BC02,13603,3331,2334,3363,5297,6817,3820,5660,2408,3726,5151,2425,5195,2787,8904,3875,9376,6581,9595,2551,5514,2653,6589,6767,8524,3526,10108,5106,7980,2110,2674,2236,2911,3229,2278,5242,4596,2383,12075,4065,5964,9469,6673,2427,3384,6511,3431,2797,6833,5914,2429,2706,2274,2757,5006,8832,2159,2354,5709,2781,4221,3376,8049,7327,4303,2529,3597,3688,7013,6939,2200,4454,11502,4052,6982,3686,3021,6425,12607,4802,2713,3907,7710,5440,4005,3795,6185,7006,2590,2411,3920,2548,2049,2352,2620,2167,2449,2558,2136,3127,3514
A02BC05,3331,4224,945,1282,1952,2470,1495,2153,951,1405,1963,1014,1939,1081,3089,1509,3239,2401,3236,1035,2048,1053,2382,2464,3002,1368,3394,1888,2804,823,1046,866,1161,1267,909,1934,1748,951,3905,1563,2202,3291,2421,980,1368,2407,1326,1083,2466,2169,954,1030,877,1065,1924,3090,893,946,2078,1083,1595,1325,2819,2615,1661,966,1365,1453,2540,2495,880,1685,3766,1535,2538,1404,1190,2356,4003,1822,1079,1487,2768,2039,1552,1473,2257,2537,1007,971,1529,1036,826,985,1063,877,971,996,877,1283,1396
A02BX13,2334,945,2923,947,1407,1762,1078,1498,682,1029,1353,743,1353,792,2145,1093,2247,1733,2307,699,1399,784,1713,1743,2048,1004,2344,1349,1990,610,734,635,790,896,687,1433,1215,710,2695,1116,1564,2298,1689,696,931,1709,958,789,1731,1553,699,782,645,809,1378,2181,646,705,1517,820,1202,970,1975,1836,1153,729,992,1006,1773,1746,654,1161,2620,1122,1803,1049,827,1662,2794,1310,745,1066,1934,1455,1100,1066,1623,1826,760,690,1084,714,611,681,713,673,704,773,609,921,973
A03DA02,3363,1282,947,4258,2012,2560,1474,2148,962,1429,1969,974,1958,1098,3063,1507,3282,2434,3305,1022,2030,1111,2397,2503,2986,1383,3444,1958,2816,864,1062,889,1201,1268,918,2007,1745,964,3938,1593,2205,3286,2387,964,1350,2423,1373,1089,2501,2204,1013,1070,900,1148,1941,3129,887,980,2166,1123,1657,1312,2909,2668,1645,987,1399,1464,2542,2502,913,1720,3826,1574,2571,1427,1227,2385,4068,1844,1090,1533,2785,2051,1551,1476,2309,2593,1025,988,1564,1026,846,941,1063,896,982,1009,875,1248,1411
A03FA01,5297,1952,1407,2012,6920,3876,2329,3274,1506,2247,2993,1521,2989,1671,4893,2300,5127,3763,5220,1541,3155,1638,3730,3823,4737,2150,5447,2931,4426,1298,1561,1367,1742,1940,1378,3014,2721,1457,6329,2406,3410,5169,3751,1439,2038,3668,2060,1682,3910,3349,1458,1629,1367,1627,2935,4863,1342,1429,3336,1673,2497,2010,4534,4075,2522,1508,2132,2192,3984,3909,1357,2647,6096,2388,3925,2148,1839,3625,6556,2834,1638,2302,4314,3170,2401,2277,3548,3994,1557,1440,2311,1540,1229,1451,1564,1357,1497,1544,1306,1921,2112
A04AA01,6817,2470,1762,2560,3876,9074,2878,4163,1784,2771,3720,1826,3838,2118,6288,2899,6590,4748,6746,1932,3981,2004,4761,4899,6109,2619,7026,3747,5657,1627,1978,1664,2234,2457,1735,3844,3418,1768,8240,2981,4343,6688,4783,1812,2575,4732,2588,2081,4905,4329,1808,2034,1730,2073,3706,6267,1638,1790,4165,2068,3142,2509,5764,5303,3166,1876,2688,2757,5074,5040,1677,3311,7927,2961,5007,2725,2262,4639,8519,3502,2014,2930,5544,4038,2977,2840,4498,5039,1957,1774,2915,1896,1598,1765,1950,1604,1871,1873,1619,2351,2628
A06AB08,3820,1495,1078,1474,2329,2878,4888,2472,1099,1660,2199,1176,2295,1314,3554,1715,3738,2765,3806,1192,2390,1231,2785,2855,3459,1651,4003,2213,3269,998,1199,1052,1353,1486,1057,2276,1976,1110,4527,1805,2516,3733,2800,1095,1571,2791,1575,1284,2896,2487,1136,1276,1038,1229,2172,3571,977,1096,2465,1267,1892,1564,3293,3071,1946,1146,1610,1661,2887,2915,1047,1978,4347,1788,2956,1644,1414,2730,4644,2094,1255,1727,3253,2406,1782,1721,2637,2919,1211,1067,1734,1191,980,1077,1219,1006,1140,1164,1009,1475,1596
A06AD11,5660,2153,1498,2148,3274,4163,2472,7420,1540,2362,3203,1620,3244,1842,5165,2422,5450,4046,5653,1656,3442,1700,4049,4128,5139,2240,5873,3158,4744,1390,1666,1416,1875,2092,1475,3290,2867,1521,6775,2573,3638,5530,4010,1556,2210,4001,2219,1825,4159,3575,1607,1753,1494,1808,3086,5179,1407,1552,3525,1788,2684,2222,4843,4423,2692,1616,2245,2373,4231,4207,1435,2833,6539,2589,4263,2317,1952,3977,6984,3025,1686,2489,4641,3391,2527,2420,3824,4313,1704,1585,2483,1617,1335,1531,1685,1392,1600,1685,1397,2068,2236
A06AD15,2408,951,682,962,1506,1784,1099,1540,3016,1022,1386,770,1442,823,2217,1081,2334,1783,2376,767,1495,779,1712,1765,2191,1002,2452,1432,2025,653,768,676,851,962,718,1476,1282,701,2796,1131,1650,2321,1746,696,986,1772,983,799,1782,1617,768,790,700,830,1386,2233,671,735,1529,833,1195,971,2085,1902,1201,723,1038,1086,1851,1787,656,1236,2689,1169,1805,1069,868,1721,2868,1340,801,1091,2006,1472,1168,1098,1660,1832,782,718,1151,778,618,707,746,634,752,754,636,901,1006
A06AD65,3726,1405,1029,1429,2247,2771,1660,2362,1022,4758,2114,1134,2200,1231,3424,1689,3641,2664,3672,1129,2262,1195,2645,2765,3298,1537,3811,2182,3136,963,1144,968,1251,1422,1024,2217,1906,1075,4380,1697,2415,3618,2695,1075,1479,2682,1471,1215,2725,2398,1070,1176,1009,1196,2095,3457,922,1028,2377,1229,1766,1483,3182,2958,1839,1099,1532,1576,2771,2759,964,1877,4241,1715,2819,1591,1316,2620,4503,1970,1198,1647,3088,2225,1727,1635,2542,2819,1137,1083,1685,1110,931,1093,1186,943,1039,1132,961,1393,1522
A07FA01,5151,1963,1353,1969,2993,3720,2199,3203,1386,2114,6637,1462,2930,1669,4707,2181,4916,3616,5015,1521,3060,1586,3603,3619,4604,2064,5290,2863,4255,1237,1584,1282,1691,1872,1335,2913,2575,1402,6095,2320,3277,5000,3630,1350,2011,3659,1969,1633,3726,3278,1443,1573,1318,1595,2811,4726,1234,1381,3192,1619,2381,1960,4305,4010,2439,1437,2084,2158,3814,3802,1338,2518,5863,2305,3863,2130,1783,3503,6267,2747,1542,2244,4193,3028,2277,2179,3438,3808,1551,1387,2282,1502,1213,1357,1547,1279,1445,1510,1265,1808,2024
A07FA02,2425,1014,743,974,1521,1826,1176,1620,770,1134,1462,3094,1460,862,2305,1133,2399,1824,2449,806,1538,804,1857,1847,2234,1086,2530,1463,2114,661,838,688,882,993,703,1494,1341,764,2879,1182,1662,2448,1875,774,1009,1821,1016,840,1866,1581,749,830,719,866,1415,2277,706,706,1654,848,1269,979,2154,2004,1246,754,1023,1131,1906,1897,672,1347,2790,1176,1883,1096,927,1732,2959,1398,801,1137,2090,1602,1168,1103,1738,1932,784,736,1194,794,646,750,835,685,755,768,626,979,1050
A10AB01,5195,1939,1353,1958,2989,3838,2295,3244,1442,2200,2930,1460,6747,1631,4814,2238,5035,3732,5080,1516,3084,1609,3695,3768,4648,2105,5332,2899,4343,1261,1562,1317,1705,1930,1372,3030,2627,1394,6183,2351,3363,5072,3725,1474,2031,3662,2022,1676,3769,3339,1486,1628,1391,1630,2848,4813,1280,1409,3257,1645,2477,2018,4455,4043,2519,1472,2126,2181,3862,3803,1303,2541,5919,2314,3874,2170,1756,3615,6386,2755,1595,2325,4263,3109,2339,2228,3495,3947,1575,1415,2313,1496,1279,1385,1560,1306,1458,1507,1265,1873,2060
A10AB04,2787,1081,792,1098,1671,2118,1314,1842,823,1231,1669,862,1631,3539,2569,1285,2736,2044,2758,853,1731,915,2013,2062,2528,1188,2870,1637,2384,715,882,750,995,1097,785,1696,1497,847,3290,1301,1873,2716,2065,809,1138,2023,1138,927,2083,1859,847,907,788,932,1581,2637,737,770,1791,959,1421,1102,2397,2239,1392,867,1208,1266,2129,2144,727,1451,3172,1277,2189,1245,1033,1956,3374,1552,892,1276,2318,1779,1303,1234,1954,2142,870,848,1278,821,686,802,898,700,860,840,718,1043,1155
A10AB05,8904,3089,2145,3063,4893,6288,3554,5165,2217,3424,4707,2305,4814,2569,12179,3576,8545,6090,8725,2362,5035,2484,6096,6218,7864,3264,9201,4695,7277,1989,2428,2088,2692,3043,2146,4848,4255,2199,10938,3734,5473,8611,6130,2275,3212,6055,3201,2594,6226,5422,2240,2521,2137,2599,4656,8095,2039,2157,5254,2612,3893,3152,7399,6707,3981,2292,3376,3438,6438,6330,2056,4076,10406,3746,6429,3424,2818,5889,11371,4478,2534,3611,7022,5043,3718,3505,5722,6434,2382,2238,3683,2363,1951,2185,2435,2014,2290,2322,1966,2907,3296
A10AC01,3875,1509,1093,1507,2300,2899,1715,2422,1081,1689,2181,1133,2238,1285,3576,4904,3750,2751,3805,1163,2379,1255,2768,2753,3458,1594,3956,2218,3254,985,1182,1020,1330,1476,1008,2281,1990,1097,4529,1756,2517,3748,2829,1074,1584,2743,1565,1242,2869,2489,1113,1221,1044,1265,2173,3560,1004,1072,2436,1275,1887,1532,3245,3034,1927,1138,1603,1652,2946,2913,1005,1969,4350,1822,2894,1662,1378,2721,4674,2093,1222,1739,3161,2379,1771,1729,2627,2927,1229,1118,1804,1146,972,1095,1198,1009,1147,1131,983,1424,1583
A10AE04,9376,3239,2247,3282,5127,6590,3738,5450,2334,3641,4916,2399,5035,2736,8545,3750,12987,6367,9230,2496,5297,2592,6338,6537,8270,3407,9681,4925,7609,2042,2551,2147,2800,3160,2199,5114,4447,2325,11583,3903,5712,9138,6420,2334,3337,6286,3313,2704,6549,5667,2330,2620,2211,2676,4820,8561,2098,2255,5528,2696,4055,3272,7770,7048,4174,2411,3502,3580,6791,6616,2112,4278,11014,3927,6693,3586,2943,6167,12084,4650,2611,3808,7416,5278,3844,3656,6009,6756,2510,2350,3785,2442,2018,2297,2547,2094,2373,2432,2038,3066,3423
A10AE05,6581,2401,1733,2434,3763,4748,2765,4046,1783,2664,3616,1824,3732,2044,6090,2751,6367,8700,6495,1884,3866,1930,4560,4671,5776,2541,6787,3569,5463,1527,1945,1625,2111,2392,1672,3692,3269,1721,7935,2903,4200,6449,4654,1785,2468,4547,2486,1995,4722,4148,1766,1979,1687,1991,3628,6113,1582,1717,4024,2027,3022,2424,5574,5051,3037,1793,2552,2674,4844,4828,1600,3201,7623,2914,4892,2646,2192,4501,8191,3433,1965,2845,5339,3850,2874,2746,4387,4874,1879,1791,2845,1826,1478,1727,1904,1592,1802,1837,1570,2306,2577
A10BA02,9595,3236,2307,3305,5220,6746,3806,5653,2376,3672,5015,2449,5080,2758,8725,3805,9230,6495,13360,2529,5387,2676,6454,6648,8438,3480,9964,5030,7775,2071,2625,2194,2871,3236,2265,5153,4524,2326,11918,3943,5884,9330,6575,2352,3410,6418,3440,2765,6701,5817,2372,2668,2242,2746,4993,8792,2143,2335,5639,2763,4147,3329,7964,7234,4281,2505,3506,3692,6880,6842,2152,4409,11345,4008,6914,3660,2991,6285,12423,4736,2675,3842,7573,5362,3897,3754,6147,6961,2595,2374,3907,2493,2072,2352,2528,2153,2418,2509,2100,3144,3506
A10BB12,2551,1035,699,1022,1541,1932,1192,1656,767,1129,1521,806,1516,853,2362,1163,2496,1884,2529,3194,1573,847,1880,1897,2320,1030,2607,1507,2182,679,836,694,926,1041,716,1528,1355,787,2981,1241,1724,2465,1868,760,1049,1821,1093,869,1861,1687,770,846,725,847,1475,2384,707,751,1653,864,1228,1055,2233,2050,1343,753,1088,1178,1965,1950,705,1326,2878,1223,1950,1110,966,1831,3045,1401,846,1203,2103,1603,1192,1141,1771,1978,807,753,1178,797,649,775,830,683,775,774,680,967,1089
A10BH01,5514,2048,1399,2030,3155,3981,2390,3442,1495,2262,3060,1538,3084,1731,5035,2379,5297,3866,5387,1573,7121,1709,3908,3931,4890,2232,5633,3019,4561,1304,1632,1419,1838,2001,1436,3148,2781,1482,6514,2485,3550,5321,3920,1493,2145,3878,2138,1784,3960,3528,1516,1645,1398,1727,2989,5031,1326,1468,3394,1691,2617,2086,4546,4239,2618,1567,2171,2319,4106,4050,1387,2695,6293,2418,4153,2296,1897,3771,6754,2917,1681,2403,4470,3257,2408,2353,3631,4132,1609,1508,2387,1575,1292,1463,1617,1330,1537,1599,1313,1975,2178
A11DA01,2653,1053,784,1111,1638,2004,1231,1700,779,1195,1586,804,1609,915,2484,1255,2592,1930,2676,847,1709,3390,1954,1948,2420,1118,2747,1564,2302,700,884,748,983,1053,747,1593,1417,800,3159,1292,1784,2610,1983,801,1154,1986,1131,911,2053,1755,824,889,726,881,1601,2517,710,782,1717,908,1343,1076,2282,2127,1348,825,1142,1199,2072,2052,723,1398,3052,1270,2110,1186,1000,1938,3244,1510,923,1226,2259,1664,1248,1223,1824,2067,857,795,1265,819,669,777,847,745,827,837,682,998,1137
A12AX,6589,2382,1713,2397,3730,4761,2785,4049,1712,2645,3603,1857,3695,2013,6096,2768,6338,4560,6454,1880,3908,1954,8706,4669,5842,2578,6777,3585,5426,1547,1907,1665,2118,2370,1706,3692,3226,1749,7926,2885,4125,6435,4649,1788,2472,4590,2513,2051,4748,4121,1787,1967,1658,2025,3539,6047,1586,1713,3992,2013,3035,2432,5552,5064,3095,1800,2589,2661,4867,4843,1602,3185,7627,2910,4872,2653,2198,4485,8203,3425,1966,2828,5317,3847,2872,2773,4352,4874,1885,1776,2813,1831,1503,1713,1923,1585,1813,1838,1567,2269,2548
A12BA01,6767,2464,1743,2503,3823,4899,2855,4128,1765,2765,3619,1847,3768,2062,6218,2753,6537,4671,6648,1897,3931,1948,4669,8963,6029,2614,6965,3717,5584,1565,1924,1632,2173,2430,1689,3833,3321,1770,8131,2943,4269,6560,4752,1822,2510,4690,2561,2097,4823,4222,1814,1995,1680,2071,3616,6182,1627,1784,4136,2081,3109,2490,5712,5182,3130,1825,2614,2788,4966,4883,1634,3245,7798,2963,5009,2766,2260,4555,8412,3478,2003,2883,5412,3932,2902,2781,4462,5041,1866,1767,2937,1878,1561,1722,1974,1611,1799,1888,1535,2299,2609
B01AA03,8524,3002,2048,2986,4737,6109,3459,5139,2191,3298,4604,2234,4648,2528,7864,3458,8270,5776,8438,2320,4890,2420,5842,6029,11667,3199,8834,4500,7008,1930,2375,2022,2633,2944,2078,4703,4132,2139,10469,3606,5303,8343,5954,2186,3068,5813,3097,2539,6064,5198,2182,2436,2078,2494,4484,7857,1961,2157,5101,2483,3823,3016,7186,6456,3846,2234,3218,3347,6240,6119,1980,3933,10025,3592,6203,3292,2702,5682,10866,4321,2461,3512,6804,4939,3561,3394,5546,6251,2394,2183,3502,2270,1867,2153,2348,1921,2213,2273,1902,2838,3141
B01AB04,3526,1368,1004,1383,2150,2619,1651,2240,1002,1537,2064,1086,2105,1188,3264,1594,3407,2541,3480,1030,2232,1118,2578,2614,3199,4453,3619,2058,2986,906,1118,974,1258,1411,985,2103,1835,1053,4147,1642,2362,3449,2598,1017,1438,2573,1434,1197,2680,2314,1047,1164,950,1160,1975,3280,929,1013,2283,1187,1759,1434,2968,2752,1751,1048,1463,1556,2722,2621,934,1808,3996,1625,2653,1509,1264,2532,4247,1990,1087,1624,2903,2145,1657,1555,2463,2684,1095,1037,1622,1074,895,982,1103,926,1021,1059,905,1322,1457
B01AB05,10108,3394,2344,3444,5447,7026,4003,5873,2452,3811,5290,2530,5332,2870,9201,3956,9681,6787,9964,2607,5633,2747,6777,6965,8834,3619,14100,5167,8172,2132,2718,2291,3006,3341,2329,5362,4676,2416,12509,4145,6099,9757,6848,2474,3524,6773,3494,2905,6964,6059,2488,2807,2356,2849,5195,9115,2222,2425,5896,2827,4315,3493,8315,7485,4418,2559,3689,3828,7242,7132,2267,4566,11932,4192,7170,3740,3104,6552,13092,4879,2752,3999,7935,5648,4050,3870,6424,7231,2661,2479,4086,2584,2138,2420,2680,2208,2495,2583,2175,3237,3599
B01AC04,5106,1888,1349,1958,2931,3747,2213,3158,1432,2182,2863,1463,2899,1637,4695,2218,4925,3569,5030,1507,3019,1564,3585,3717,4500,2058,5167,6573,4227,1262,1535,1303,1704,1893,1351,2924,2631,1345,6031,2260,3261,4957,3623,1412,1941,3585,2033,1616,3763,3252,1447,1589,1340,1611,2799,4668,1261,1379,3182,1630,2348,1920,4294,4017,2483,1438,2035,2099,3832,3728,1293,2554,5775,2295,3769,2090,1744,3527,6233,2687,1600,2245,4152,3007,2270,2168,3410,3779,1549,1431,2214,1460,1223,1381,1542,1290,1408,1462,1249,1807,2022
B01AC06,7980,2804,1990,2816,4426,5657,3269,4744,2025,3136,4255,2114,4343,2384,7277,3254,7609,5463,7775,2182,4561,2302,5426,5584,7008,2986,8172,4227,10679,1819,2253,1894,2456,2774,1961,4356,3887,2042,9644,3374,4977,7700,5521,2050,2889,5422,2952,2384,5670,4875,2064,2290,1944,2339,4213,7272,1841,2000,4736,2385,3586,2878,6651,6042,3645,2124,3040,3164,5844,5742,1867,3736,9197,3376,5802,3082,2571,5308,10004,4018,2317,3301,6346,4554,3413,3208,5210,5838,2188,2072,3320,2178,1788,2004,2218,1830,2072,2165,1798,2696,2956
B01AF01,2110,823,610,864,1298,1627,998,1390,653,963,1237,661,1261,715,1989,985,2042,1527,2071,679,1304,700,1547,1565,1930,906,2132,1262,1819,2646,709,597,777,851,597,1295,1133,607,2465,1026,1436,2059,1555,642,881,1526,884,714,1584,1434,633,707,591,719,1224,1973,580,591,1412,709,1081,873,1816,1684,1040,660,899,949,1641,1631,627,1098,2379,1010,1621,928,797,1495,2523,1203,706,1013,1776,1354,1033,925,1509,1629,696,657,973,690,535,624,682,591,650,661,558,845,910
B03AA01,2674,1046,734,1062,1561,1978,1199,1666,768,1144,1584,838,1562,882,2428,1182,2551,1945,2625,836,1632,884,1907,1924,2375,1118,2718,1535,2253,709,3344,726,929,1034,752,1616,1406,798,3070,1245,1744,2591,1908,777,1091,1934,1060,895,1954,1741,790,891,774,898,1491,2472,722,746,1696,868,1292,1092,2292,2149,1277,769,1163,1207,2016,2043,723,1378,2986,1258,2023,1139,977,1900,3187,1486,884,1250,2173,1652,1225,1187,1831,2027,811,754,1235,809,698,767,867,673,800,849,752,991,1101
B03BA03,2236,866,635,889,1367,1664,1052,1416,676,968,1282,688,1317,750,2088,1020,2147,1625,2194,694,1419,748,1665,1632,2022,974,2291,1303,1894,597,726,2776,814,857,660,1355,1129,668,2603,1054,1471,2179,1663,674,944,1614,926,744,1657,1500,681,764,630,755,1281,2067,581,652,1438,735,1126,930,1937,1761,1175,678,1010,1013,1712,1721,607,1164,2492,1085,1695,967,810,1607,2667,1239,735,1068,1867,1397,1069,1010,1532,1715,700,652,1036,689,554,670,728,612,691,710,624,861,957
B03XA02,2911,1161,790,1201,1742,2234,1353,1875,851,1251,1691,882,1705,995,2692,1330,2800,2111,2871,926,1838,983,2118,2173,2633,1258,3006,1704,2456,777,929,814,3685,1182,803,1732,1567,860,3404,1385,1950,2872,2104,845,1261,2092,1190,981,2171,1892,842,976,818,980,1640,2683,761,876,1920,1005,1423,1208,2531,2303,1467,872,1235,1282,2244,2203,806,1468,3312,1386,2238,1256,1064,2078,3517,1609,995,1343,2422,1846,1346,1289,2030,2220,935,849,1347,883,733,845,917,762,868,904,765,1106,1244
C01AA05,3229,1267,896,1268,1940,2457,1486,2092,962,1422,1872,993,1930,1097,3043,1476,3160,2392,3236,1041,2001,1053,2370,2430,2944,1411,3341,1893,2774,851,1034,857,1182,4131,923,1989,1698,977,3818,1559,2181,3193,2376,984,1379,2336,1326,1132,2448,2149,984,1072,901,1081,1834,3012,863,902,2079,1088,1623,1342,2834,2609,1627,1005,1399,1413,2466,2478,886,1692,3680,1553,2491,1420,1232,2287,3939,1788,1054,1540,2704,2028,1530,1457,2259,2497,1033,976,1505,979,826,908,1043,856,963,996,868,1241,1363
C01DA02,2278,909,687,918,1378,1735,1057,1475,718,1024,1335,703,1372,785,2146,1008,2199,1672,2265,716,1436,747,1706,1689,2078,985,2329,1351,1961,597,752,660,803,923,2870,1403,1220,690,2690,1106,1586,2214,1699,701,987,1678,993,800,1707,1535,729,748,639,754,1348,2159,607,697,1474,791,1161,952,2015,1845,1187,711,986,1023,1756,1720,653,1153,2583,1136,1750,1030,829,1612,2757,1307,754,1093,1898,1477,1099,1066,1595,1761,757,667,1101,701,618,664,749,635,712,730,634,873,997
C01DA08,5242,1934,1433,2007,3014,3844,2276,3290,1476,2217,2913,1494,3030,1696,4848,2281,5114,3692,5153,1528,3148,1593,3692,3833,4703,2103,5362,2924,4356,1295,1616,1355,1732,1989,1403,6758,2738,1481,6241,2365,3369,5111,3785,1470,2055,3687,2054,1695,3831,3327,1496,1657,1385,1663,2884,4838,1309,1422,3273,1659,2500,2038,4511,4097,2550,1492,2126,2180,3908,3841,1323,2596,5962,2371,3968,2167,1761,3663,6441,2759,1614,2325,4296,3166,2356,2260,3551,3928,1544,1469,2298,1507,1270,1392,1609,1331,1527,1525,1285,1879,2099
C01DA14,4596,1748,1215,1745,2721,3418,1976,2867,1282,1906,2575,1341,2627,1497,4255,1990,4447,3269,4524,1355,2781,1417,3226,3321,4132,1835,4676,2631,3887,1133,1406,1129,1567,1698,1220,2738,5894,1285,5431,2130,2987,4547,3330,1311,1865,3215,1828,1483,3301,2955,1272,1428,1226,1474,2559,4205,1185,1305,2886,1492,2202,1783,3872,3649,2189,1301,1885,1967,3444,3407,1232,2280,5244,2142,3446,1918,1590,3207,5593,2440,1436,2020,3770,2760,2111,2003,3088,3510,1394,1286,1980,1361,1101,1263,1415,1136,1313,1337,1135,1652,1864
C02CA01,2383,951,710,964,1457,1768,1110,1521,701,1075,1402,764,1394,847,2199,1097,2325,1721,2326,787,1482,800,1749,1770,2139,1053,2416,1345,2042,607,798,668,860,977,690,1481,1285,2950,2775,1170,1622,2325,1754,717,990,1719,988,802,1795,1557,743,754,668,810,1404,2246,689,692,1553,796,1166,1000,2084,1917,1189,757,1016,1093,1822,1796,684,1231,2682,1179,1809,1058,885,1675,2833,1367,818,1095,1998,1507,1131,1066,1682,1821,767,716,1135,732,636,680,798,651,747,763,632,923,974
C03CA01,12075,3905,2695,3938,6329,8240,4527,6775,2796,4380,6095,2879,6183,3290,10938,4529,11583,7935,11918,2981,6514,3159,7926,8131,10469,4147,12509,6031,9644,2465,3070,2603,3404,3818,2690,6241,5431,2775,17961,4743,7111,11671,8024,2847,4043,7859,4091,3280,8213,6989,2830,3163,2650,3249,5961,10932,2547,2729,6811,3259,5009,3979,9854,8878,5123,2937,4229,4368,8516,8330,2561,5238,14608,4789,8474,4337,3555,7637,16303,5733,3174,4616,9356,6558,4709,4451,7448,8443,3028,2788,4654,2946,2440,2750,3037,2505,2841,2940,2509,3702,4182
C03DA01,4065,1563,1116,1593,2406,2981,1805,2573,1131,1697,2320,1182,2351,1301,3734,1756,3903,2903,3943,1241,2485,1292,2885,2943,3606,1642,4145,2260,3374,1026,1245,1054,1385,1559,1106,2365,2130,1170,4743,5127,2649,3923,2883,1153,1600,2873,1576,1350,3031,2598,1158,1314,1095,1319,2303,3781,1046,1136,2618,1346,1882,1603,3467,3189,1985,1190,1699,1764,3054,3044,1081,2046,4546,1900,3069,1665,1438,2832,4892,2151,1277,1804,3277,2457,1850,1766,2724,3066,1254,1158,1827,1230,953,1105,1232,1048,1224,1227,995,1501,1649
C07AB02,5964,2202,1564,2205,3410,4343,2516,3638,1650,2415,3277,1662,3363,1873,5473,2517,5712,4200,5884,1724,3550,1784,4125,4269,5303,2362,6099,3261,4977,1436,1744,1471,1950,2181,1586,3369,2987,1622,7111,2649,7762,5777,4236,1573,2246,4148,2266,1855,4349,3872,1620,1802,1508,1895,3259,5418,1458,1577,3702,1882,2763,2266,5081,4568,2835,1645,2379,2501,4418,4360,1423,2904,6806,2685,4438,2442,2036,4055,7353,3118,1776,2620,4864,3519,2646,2516,3897,4407,1759,1620,2574,1695,1396,1586,1758,1452,1656,1739,1413,2133,2300
C07AB07,9469,3291,2298,3286,5169,6688,3733,5530,2321,3618,5000,2448,5072,2716,8611,3748,9138,6449,9330,2465,5321,2610,6435,6560,8343,3449,9757,4957,7700,2059,2591,2179,2872,3193,2214,5111,4547,2325,11671,3923,5777,13066,6470,2364,3331,6342,3398,2756,6576,5719,2397,2647,2226,2712,4854,8614,2133,2290,5570,2726,4107,3306,7782,7114,4209,2468,3479,3597,6844,6715,2142,4346,11126,3926,6715,3548,2939,6230,12138,4711,2627,3840,7520,5362,3870,3696,5999,6808,2552,2351,3829,2507,2015,2296,2548,2116,2403,2473,2070,3082,3448
C08CA01,6673,2421,1689,2387,3751,4783,2800,4010,1746,2695,3630,1875,3725,2065,6130,2829,6420,4654,6575,1868,3920,1983,4649,4752,5954,2598,6848,3623,5521,1555,1908,1663,2104,2376,1699,3785,3330,1754,8024,2883,4236,6470,8803,1752,2500,4641,2515,2044,4779,4161,1794,1979,1702,1997,3622,6090,1614,1756,4110,2043,3023,2471,5625,5134,3117,1862,2612,2684,4910,4875,1613,3196,7707,2962,4976,2733,2180,4546,8296,3473,1940,2803,5401,3910,2893,2760,4411,4948,1915,1776,2882,1861,1513,1713,1948,1619,1824,1854,1518,2323,2629
C08CA13,2427,980,696,964,1439,1812,1095,1556,696,1075,1350,774,1474,809,2275,1074,2334,1785,2352,760,1493,801,1788,1822,2186,1017,2474,1412,2050,642,777,674,845,984,701,1470,1311,717,2847,1153,1573,2364,1752,3043,985,1759,978,815,1799,1613,726,813,674,793,1379,2197,668,735,1573,789,1171,973,2089,1924,1222,748,1061,1045,1847,1830,661,1250,2725,1184,1839,1063,900,1735,2905,1327,793,1110,2019,1460,1143,1089,1657,1820,759,728,1099,758,618,682,772,658,739,743,653,911,1047
C09AA02,3384,1368,931,1350,2038,2575,1571,2210,986,1479,2011,1009,2031,1138,3212,1584,3337,2468,3410,1049,2145,1154,2472,2510,3068,1438,3524,1941,2889,881,1091,944,1261,1379,987,2055,1865,990,4043,1600,2246,3331,2500,985,4381,2457,1369,1149,2581,2230,1007,1080,927,1158,1989,3206,922,1046,2175,1160,1721,1372,2929,2723,1750,987,1444,1472,2612,2492,952,1765,3866,1625,2622,1474,1247,2392,4146,1903,1125,1598,2818,2111,1577,1546,2372,2605,1085,1019,1559,1032,848,980,1089,854,1020,1037,855,1283,1397
C09AA05,6511,2407,1709,2423,3668,4732,2791,4001,1772,2682,3659,1821,3662,2023,6055,2743,6286,4547,6418,1821,3878,1986,4590,4690,5813,2573,6773,3585,5422,1526,1934,1614,2092,2336,1678,3687,3215,1719,7859,2873,4148,6342,4641,1759,2457,8653,2487,1998,4741,4136,1761,1913,1626,1977,3573,6023,1593,1643,3975,1994,3008,2446,5549,5010,3066,1806,2611,2654,4833,4782,1606,3153,7531,2900,4805,2608,2127,4445,8142,3414,1936,2776,5300,3878,2837,2718,4353,4814,1882,1738,2806,1810,1501,1707,1882,1569,1770,1820,1514,2277,2502
C09CA01,3431,1326,958,1373,2060,2588,1575,2219,983,1471,1969,1016,2022,1138,3201,1565,3313,2486,3440,1093,2138,1131,2513,2561,3097,1434,3494,2033,2952,884,1060,926,1190,1326,993,2054,1828,988,4091,1576,2266,3398,2515,978,1369,2487,4416,1183,2544,2243,995,1102,972,1144,1965,3190,928,1019,2217,1125,1702,1401,2978,2731,1685,1037,1474,1517,2669,2582,917,1780,3949,1695,2638,1465,1225,2440,4214,1888,1078,1576,2838,2109,1587,1490,2367,2649,1108,984,1587,1074,869,998,1146,914,993,1031,892,1297,1439
C09CA06,2797,1083,789,1089,1682,2081,1284,1825,799,1215,1633,840,1676,927,2594,1242,2704,1995,2765,869,1784,911,2051,2097,2539,1197,2905,1616,2384,714,895,744,981,1132,800,1695,1483,802,3280,1350,1855,2756,2044,815,1149,1998,1183,3521,2130,1863,860,930,804,944,1616,2612,735,810,1787,967,1436,1167,2415,2232,1402,794,1172,1215,2105,2126,786,1461,3151,1320,2157,1223,1017,1980,3355,1532,932,1299,2349,1708,1320,1258,1974,2171,863,821,1329,860,750,783,909,752,856,864,707,1087,1169
C10AA01,6833,2466,1731,2501,3910,4905,2896,4159,1782,2725,3726,1866,3769,2083,6226,2869,6549,4722,6701,1861,3960,2053,4748,4823,6064,2680,6964,3763,5670,1584,1954,1657,2171,2448,1707,3831,3301,1795,8213,3031,4349,6576,4779,1799,2581,4741,2544,2130,9035,4279,1846,2027,1709,2113,3648,6253,1634,1749,4099,2073,3146,2529,5726,5226,3188,1863,2651,2722,5018,4974,1632,3290,7881,2921,5067,2740,2298,4599,8519,3537,2036,2921,5464,4009,2962,2805,4453,4999,1949,1831,2875,1920,1536,1803,1939,1648,1886,1910,1571,2362,2626
C10AA05,5914,2169,1553,2204,3349,4329,2487,3575,1617,2398,3278,1581,3339,1859,5422,2489,5667,4148,5817,1687,3528,1755,4121,4222,5198,2314,6059,3252,4875,1434,1741,1500,1892,2149,1535,3327,2955,1557,6989,2598,3872,5719,4161,1613,2230,4136,2243,1863,4279,7684,1631,1795,1500,1801,3216,5418,1410,1557,3665,1799,2731,2214,4967,4579,2802,1636,2319,2399,4356,4279,1456,2847,6771,2624,4401,2369,1963,4037,7242,3075,1731,2545,4718,3493,2628,2428,3953,4399,1726,1580,2572,1658,1380,1528,1735,1413,1601,1701,1381,2081,2261
G03CA03,2429,954,699,1013,1458,1808,1136,1607,768,1070,1443,749,1486,847,2240,1113,2330,1766,2372,770,1516,824,1787,1814,2182,1047,2488,1447,2064,633,790,681,842,984,729,1496,1272,743,2830,1158,1620,2397,1794,726,1007,1761,995,860,1846,1631,3023,781,675,818,1424,2237,667,710,1622,854,1217,986,2093,1944,1219,730,1077,1066,1882,1861,666,1276,2743,1168,1850,1089,881,1780,2878,1385,850,1161,1996,1517,1169,1116,1703,1844,775,731,1115,758,641,737,784,686,750,752,670,926,1014
G04BX01,2706,1030,782,1070,1629,2034,1276,1753,790,1176,1573,830,1628,907,2521,1221,2620,1979,2668,846,1645,889,1967,1995,2436,1164,2807,1589,2290,707,891,764,976,1072,748,1657,1428,754,3163,1314,1802,2647,1979,813,1080,1913,1102,930,2027,1795,781,3424,773,881,1538,2574,746,781,1767,916,1343,1106,2316,2135,1389,828,1194,1182,2044,2036,739,1389,3080,1279,2093,1149,990,1909,3267,1464,877,1260,2281,1687,1261,1224,1897,2072,880,780,1285,848,644,804,850,747,834,823,703,1042,1166
G04CA02,2274,877,645,900,1367,1730,1038,1494,700,1009,1318,719,1391,788,2137,1044,2211,1687,2242,725,1398,726,1658,1680,2078,950,2356,1340,1944,591,774,630,818,901,639,1385,1226,668,2650,1095,1508,2226,1702,674,927,1626,972,804,1709,1500,675,773,2863,780,1297,2130,620,669,1479,780,1146,944,1956,1846,1164,687,968,974,1755,1731,612,1153,2564,1095,1764,983,819,1621,2741,1274,766,1055,1870,1404,1096,1002,1598,1757,762,709,1074,700,596,655,762,603,687,700,604,847,1005
H02AB02,2757,1065,809,1148,1627,2073,1229,1808,830,1196,1595,866,1630,932,2599,1265,2676,1991,2746,847,1727,881,2025,2071,2494,1160,2849,1611,2339,719,898,755,980,1081,754,1663,1474,810,3249,1319,1895,2712,1997,793,1158,1977,1144,944,2113,1801,818,881,780,3496,1582,2530,752,778,1787,940,1369,1105,2355,2149,1359,813,1182,1239,2108,2048,741,1390,3118,1307,2098,1187,1004,1982,3344,1551,937,1274,2282,1712,1275,1239,1893,2129,891,811,1293,858,729,812,887,724,797,884,699,1067,1158
H02AB04,5006,1924,1378,1941,2935,3706,2172,3086,1386,2095,2811,1415,2848,1581,4656,2173,4820,3628,4993,1475,2989,1601,3539,3616,4484,1975,5195,2799,4213,1224,1491,1281,1640,1834,1348,2884,2559,1404,5961,2303,3259,4854,3622,1379,1989,3573,1965,1616,3648,3216,1424,1538,1297,1582,6505,4631,1240,1348,3155,1610,2381,1937,4255,3919,2418,1448,2048,2122,3711,3674,1291,2465,5743,2324,3773,2050,1722,3474,6176,2656,1547,2222,4112,2991,2244,2184,3367,3780,1473,1387,2200,1417,1201,1341,1469,1256,1460,1460,1224,1860,2006
H02AB06,8832,3090,2181,3129,4863,6267,3571,5179,2233,3457,4726,2277,4813,2637,8095,3560,8561,6113,8792,2384,5031,2517,6047,6182,7857,3280,9115,4668,7272,1973,2472,2067,2683,3012,2159,4838,4205,2246,10932,3781,5418,8614,6090,2197,3206,6023,3190,2612,6253,5418,2237,2574,2130,2530,4631,12140,1999,2202,5296,2578,3917,3132,7343,6759,3951,2313,3316,3444,6453,6350,2033,4089,10425,3749,6433,3359,2776,5843,11345,4444,2521,3598,7134,5120,3723,3501,5659,6424,2424,2253,3672,2322,1917,2195,2426,2036,2317,2370,2008,2927,3303
H02AB07,2159,893,646,887,1342,1638,977,1407,671,922,1234,706,1280,737,2039,1004,2098,1582,2143,707,1326,710,1586,1627,1961,929,2222,1261,1841,580,722,581,761,863,607,1309,1185,689,2547,1046,1458,2133,1614,668,922,1593,928,735,1634,1410,667,746,620,752,1240,1999,2716,657,1419,767,1041,897,1879,1699,1151,676,951,998,1657,1661,593,1136,2456,1009,1662,958,799,1564,2594,1220,723,1021,1800,1355,1056,980,1508,1670,701,645,1013,699,569,670,713,632,622,703,585,810,885
H02AB09,2354,946,705,980,1429,1790,1096,1552,735,1028,1381,706,1409,770,2157,1072,2255,1717,2335,751,1468,782,1713,1784,2157,1013,2425,1379,2000,591,746,652,876,902,697,1422,1305,692,2729,1136,1577,2290,1756,735,1046,1643,1019,810,1749,1557,710,781,669,778,1348,2202,657,2947,1553,817,1211,982,2042,1868,1170,713,992,1055,1786,1782,671,1214,2658,1123,1807,1042,859,1706,2810,1343,793,1107,1978,1471,1130,1097,1635,1814,784,702,1107,717,616,733,791,633,708,723,622,896,1029
H03AA01,5709,2078,1517,2166,3336,4165,2465,3525,1529,2377,3192,1654,3257,1791,5254,2436,5528,4024,5639,1653,3394,1717,3992,4136,5101,2283,5896,3182,4736,1412,1696,1438,1920,2079,1474,3273,2886,1553,6811,2618,3702,5570,4110,1573,2175,3975,2217,1787,4099,3665,1622,1767,1479,1787,3155,5296,1419,1553,7437,1779,2663,2177,4875,4415,2737,1622,2288,2322,4248,4201,1423,2816,6541,2541,4231,2392,1961,3904,7021,3003,1749,2482,4625,3408,2568,2428,3801,4247,1706,1540,2521,1618,1345,1531,1703,1420,1619,1652,1360,2066,2243
J01CA04,2781,1083,820,1123,1673,2068,1267,1788,833,1229,1619,848,1645,959,2612,1275,2696,2027,2763,864,1691,908,2013,2081,2483,1187,2827,1630,2385,709,868,735,1005,1088,791,1659,1492,796,3259,1346,1882,2726,2043,789,1160,1994,1125,967,2073,1799,854,916,780,940,1610,2578,767,817,1779,3508,1358,1143,2394,2238,1404,799,1176,1221,2099,2123,731,1468,3131,1307,2108,1174,1018,1985,3356,1572,933,1288,2324,1737,1340,1259,1931,2156,904,828,1283,857,735,814,867,731,829,887,723,1081,1163
J01CR02,4221,1595,1202,1657,2497,3142,1892,2684,1195,1766,2381,1269,2477,1421,3893,1887,4055,3022,4147,1228,2617,1343,3035,3109,3823,1759,4315,2348,3586,1081,1292,1126,1423,1623,1161,2500,2202,1166,5009,1882,2763,4107,3023,1171,1721,3008,1702,1436,3146,2731,1217,1343,1146,1369,2381,3917,1041,1211,2663,1358,5420,1666,3629,3309,2072,1243,1745,1792,3237,3133,1102,2174,4825,1971,3212,1786,1480,2988,5150,2307,1330,1926,3461,2557,1957,1814,2854,3208,1312,1228,1943,1233,1019,1195,1308,1062,1210,1229,1048,1583,1707
J01CR05,3376,1325,970,1312,2010,2509,1564,2222,971,1483,1960,979,2018,1102,3152,1532,3272,2424,3329,1055,2086,1076,2432,2490,3016,1434,3493,1920,2878,873,1092,930,1208,1342,952,2038,1783,1000,3979,1603,2266,3306,2471,973,1372,2446,1401,1167,2529,2214,986,1106,944,1105,1937,3132,897,982,2177,1143,1666,4300,2931,2699,1596,1011,1416,1495,2597,2588,931,1759,3874,1585,2584,1483,1214,2352,4116,1858,1073,1536,2813,2095,1615,1549,2353,2576,1094,987,1565,1008,874,970,1088,931,1009,1053,858,1237,1446
J01DB01,8049,2819,1975,2909,4534,5764,3293,4843,2085,3182,4305,2154,4455,2397,7399,3245,7770,5574,7964,2233,4546,2282,5552,5712,7186,2968,8315,4294,6651,1816,2292,1937,2531,2834,2015,4511,3872,2084,9854,3467,5081,7782,5625,2089,2929,5549,2978,2415,5726,4967,2093,2316,1956,2355,4255,7343,1879,2042,4875,2394,3629,2931,10917,6209,3677,2190,3100,3181,5907,5754,1884,3777,9424,3500,5888,3155,2575,5401,10211,4127,2342,3353,6449,4604,3436,3269,5240,5854,2231,2053,3426,2169,1807,1986,2238,1869,2146,2215,1802,2724,3036
J01DC02,7327,2615,1836,2668,4075,5303,3071,4423,1902,2958,4010,2004,4043,2239,6707,3034,7048,5051,7234,2050,4239,2127,5064,5182,6456,2752,7485,4017,6042,1684,2149,1761,2303,2609,1845,4097,3649,1917,8878,3189,4568,7114,5134,1924,2723,5010,2731,2232,5226,4579,1944,2135,1846,2149,3919,6759,1699,1868,4415,2238,3309,2699,6209,9798,3391,1973,2843,2938,5347,5296,1774,3525,8491,3176,5392,2930,2389,4903,9190,3801,2147,3096,5920,4315,3150,2992,4797,5338,2093,1895,3074,1976,1653,1856,2034,1729,1947,2020,1706,2506,2805
J01DD04,4303,1661,1153,1645,2522,3166,1946,2692,1201,1839,2439,1246,2519,1392,3981,1927,4174,3037,4281,1343,2618,1348,3095,3130,3846,1751,4418,2483,3645,1040,1277,1175,1467,1627,1187,2550,2189,1189,5123,1985,2835,4209,3117,1222,1750,3066,1685,1402,3188,2802,1219,1389,1164,1359,2418,3951,1151,1170,2737,1404,2072,1596,3677,3391,5495,1245,1799,1841,3265,3195,1088,2135,4863,1943,3232,1810,1527,3039,5235,2304,1367,1902,3527,2629,1971,1858,2925,3250,1334,1217,1892,1261,1034,1165,1317,1099,1243,1249,1073,1582,1739
J01DH02,2529,966,729,987,1508,1876,1146,1616,723,1099,1437,754,1472,867,2292,1138,2411,1793,2505,753,1567,825,1800,1825,2234,1048,2559,1438,2124,660,769,678,872,1005,711,1492,1301,757,2937,1190,1645,2468,1862,748,987,1806,1037,794,1863,1636,730,828,687,813,1448,2313,676,713,1622,799,1243,1011,2190,1973,1245,3159,1072,1110,1927,1866,674,1290,2841,1191,1889,1093,906,1758,3011,1412,829,1178,2063,1551,1169,1166,1724,1928,756,739,1162,770,648,711,812,656,741,731,641,949,1044
J01FF01,3597,1365,992,1399,2132,2688,1610,2245,1038,1532,2084,1023,2126,1208,3376,1603,3502,2552,3506,1088,2171,1142,2589,2614,3218,1463,3689,2035,3040,899,1163,1010,1235,1399,986,2126,1885,1016,4229,1699,2379,3479,2612,1061,1444,2611,1474,1172,2651,2319,1077,1194,968,1182,2048,3316,951,992,2288,1176,1745,1416,3100,2843,1799,1072,4586,1571,2755,2732,967,1839,4128,1687,2784,1551,1297,2480,4361,1946,1174,1649,2977,2184,1664,1580,2451,2740,1136,1002,1612,1052,893,1025,1101,932,1064,1089,928,1335,1523
J01MA02,3688,1453,1006,1464,2192,2757,1661,2373,1086,1576,2158,1131,2181,1266,3438,1652,3580,2674,3692,1178,2319,1199,2661,2788,3347,1556,3828,2099,3164,949,1207,1013,1282,1413,1023,2180,1967,1093,4368,1764,2501,3597,2684,1045,1472,2654,1517,1215,2722,2399,1066,1182,974,1239,2122,3444,998,1055,2322,1221,1792,1495,3181,2938,1841,1110,1571,4723,2851,2788,994,1867,4192,1731,2852,1601,1326,2631,4509,2017,1162,1677,3087,2267,1744,1655,2581,2816,1179,1106,1693,1095,949,1053,1180,926,1097,1147,940,1366,1554
J01MA12,7013,2540,1773,2542,3984,5074,2887,4231,1851,2771,3814,1906,3862,2129,6438,2946,6791,4844,6880,1965,4106,2072,4867,4966,6240,2722,7242,3832,5844,1641,2016,1712,2244,2466,1756,3908,3444,1822,8516,3054,4418,6844,4910,1847,2612,4833,2669,2105,5018,4356,1882,2044,1755,2108,3711,6453,1657,1786,4248,2099,3237,2597,5907,5347,3265,1927,2755,2851,9349,5116,1687,3314,8124,3071,5179,2791,2303,4712,8800,3703,2095,2951,5631,4118,3017,2943,4675,5125,1976,1906,2996,1926,1594,1768,2009,1667,1887,1911,1645,2436,2714
M01AE01,6939,2495,1746,2502,3909,5040,2915,4207,1787,2759,3802,1897,3803,2144,6330,2913,6616,4828,6842,1950,4050,2052,4843,4883,6119,2621,7132,3728,5742,1631,2043,1721,2203,2478,1720,3841,3407,1796,8330,3044,4360,6715,4875,1830,2492,4782,2582,2126,4974,4279,1861,2036,1731,2048,3674,6350,1661,1782,4201,2123,3133,2588,5754,5296,3195,1866,2732,2788,5116,9128,1675,3323,7934,3053,5092,2744,2316,4712,8601,3586,2072,2995,5585,4029,2970,2897,4490,5095,1951,1849,2958,1886,1588,1790,2005,1645,1882,1904,1617,2378,2643
M01AH05,2200,880,654,913,1357,1677,1047,1435,656,964,1338,672,1303,727,2056,1005,2112,1600,2152,705,1387,723,1602,1634,1980,934,2267,1293,1867,627,723,607,806,886,653,1323,1232,684,2561,1081,1423,2142,1613,661,952,1606,917,786,1632,1456,666,739,612,741,1291,2033,593,671,1423,731,1102,931,1884,1774,1088,674,967,994,1687,1675,2748,1144,2485,1070,1683,956,802,1567,2642,1238,735,1047,1843,1383,1052,1028,1508,1695,686,656,1044,694,578,686,705,579,667,694,567,820,957
M04AA01,4454,1685,1161,1720,2647,3311,1978,2833,1236,1877,2518,1347,2541,1451,4076,1969,4278,3201,4409,1326,2695,1398,3185,3245,3933,1808,4566,2554,3736,1098,1378,1164,1468,1692,1153,2596,2280,1231,5238,2046,2904,4346,3196,1250,1765,3153,1780,1461,3290,2847,1276,1389,1153,1390,2465,4089,1136,1214,2816,1468,2174,1759,3777,3525,2135,1290,1839,1867,3314,3323,1144,5653,5062,2049,3368,1855,1567,3081,5395,2403,1422,2001,3648,2707,2054,1965,3036,3374,1378,1255,2020,1340,1076,1198,1360,1118,1255,1321,1136,1652,1824
N02AA05,11502,3766,2620,3826,6096,7927,4347,6539,2689,4241,5863,2790,5919,3172,10406,4350,11014,7623,11345,2878,6293,3052,7627,7798,10025,3996,11932,5775,9197,2379,2986,2492,3312,3680,2583,5962,5244,2682,14608,4546,6806,11126,7707,2725,3866,7531,3949,3151,7881,6771,2743,3080,2564,3118,5743,10425,2456,2658,6541,3131,4825,3874,9424,8491,4863,2841,4128,4192,8124,7934,2485,5062,16782,4588,8100,4144,3438,7320,15336,5524,3042,4435,8941,6292,4530,4267,7133,8107,2935,2730,4502,2835,2369,2659,2936,2450,2762,2853,2373,3560,4029
N02AA55,4052,1535,1122,1574,2388,2961,1788,2589,1169,1715,2305,1176,2314,1277,3746,1822,3927,2914,4008,1223,2418,1270,2910,2963,3592,1625,4192,2295,3376,1010,1258,1085,1386,1553,1136,2371,2142,1179,4789,1900,2685,3926,2962,1184,1625,2900,1695,1320,2921,2624,1168,1279,1095,1307,2324,3749,1009,1123,2541,1307,1971,1585,3500,3176,1943,1191,1687,1731,3071,3053,1070,2049,4588,5178,3036,1698,1440,2794,4918,2177,1243,1823,3311,2472,1850,1829,2736,3041,1236,1155,1816,1183,1023,1164,1261,1048,1153,1228,1012,1499,1626
N02AA59,6982,2538,1803,2571,3925,5007,2956,4263,1805,2819,3863,1883,3874,2189,6429,2894,6693,4892,6914,1950,4153,2110,4872,5009,6203,2653,7170,3769,5802,1621,2023,1695,2238,2491,1750,3968,3446,1809,8474,3069,4438,6715,4976,1839,2622,4805,2638,2157,5067,4401,1850,2093,1764,2098,3773,6433,1662,1807,4231,2108,3212,2584,5888,5392,3232,1889,2784,2852,5179,5092,1683,3368,8100,3036,9312,2800,2339,4719,8758,3597,2080,2970,5637,4035,3030,2925,4586,5138,1974,1852,2990,1938,1596,1801,2005,1677,1883,1952,1636,2420,2643
N02AB03,3686,1404,1049,1427,2148,2725,1644,2317,1069,1591,2130,1096,2170,1245,3424,1662,3586,2646,3660,1110,2296,1186,2653,2766,3292,1509,3740,2090,3082,928,1139,967,1256,1420,1030,2167,1918,1058,4337,1665,2442,3548,2733,1063,1474,2608,1465,1223,2740,2369,1089,1149,983,1187,2050,3359,958,1042,2392,1174,1786,1483,3155,2930,1810,1093,1551,1601,2791,2744,956,1855,4144,1698,2800,4658,1305,2563,4449,2013,1196,1615,3019,2255,1710,1658,2500,2879,1134,1090,1614,1138,933,1007,1118,951,1101,1136,928,1367,1560
N02AE01,3021,1190,827,1227,1839,2262,1414,1952,868,1316,1783,927,1756,1033,2818,1378,2943,2192,2991,966,1897,1000,2198,2260,2702,1264,3104,1744,2571,797,977,810,1064,1232,829,1761,1590,885,3555,1438,2036,2939,2180,900,1247,2127,1225,1017,2298,1963,881,990,819,1004,1722,2776,799,859,1961,1018,1480,1214,2575,2389,1527,906,1297,1326,2303,2316,802,1567,3438,1440,2339,1305,3827,2164,3644,1687,982,1418,2502,1858,1406,1359,2105,2338,938,902,1421,920,771,894,972,809,905,919,789,1138,1269
N02AX02,6425,2356,1662,2385,3625,4639,2730,3977,1721,2620,3503,1732,3615,1956,5889,2721,6167,4501,6285,1831,3771,1938,4485,4555,5682,2532,6552,3527,5308,1495,1900,1607,2078,2287,1612,3663,3207,1675,7637,2832,4055,6230,4546,1735,2392,4445,2440,1980,4599,4037,1780,1909,1621,1982,3474,5843,1564,1706,3904,1985,2988,2352,5401,4903,3039,1758,2480,2631,4712,4712,1567,3081,7320,2794,4719,2563,2164,8370,7879,3333,1943,2720,5185,3797,2796,2707,4284,4794,1875,1741,2743,1777,1487,1666,1867,1559,1791,1783,1498,2238,2478
N02BE01,12607,4003,2794,4068,6556,8519,4644,6984,2868,4503,6267,2959,6386,3374,11371,4674,12084,8191,12423,3045,6754,3244,8203,8412,10866,4247,13092,6233,10004,2523,3187,2667,3517,3939,2757,6441,5593,2833,16303,4892,7353,12138,8296,2905,4146,8142,4214,3355,8519,7242,2878,3267,2741,3344,6176,11345,2594,2810,7021,3356,5150,4116,10211,9190,5235,3011,4361,4509,8800,8601,2642,5395,15336,4918,8758,4449,3644,7879,19113,5870,3243,4728,9705,6768,4813,4597,7715,8767,3132,2907,4806,3047,2496,2849,3109,2593,2932,3015,2540,3810,4297
N03AX16,4802,1822,1310,1844,2834,3502,2094,3025,1340,1970,2747,1398,2755,1552,4478,2093,4650,3433,4736,1401,2917,1510,3425,3478,4321,1990,4879,2687,4018,1203,1486,1239,1609,1788,1307,2759,2440,1367,5733,2151,3118,4711,3473,1327,1903,3414,1888,1532,3537,3075,1385,1464,1274,1551,2656,4444,1220,1343,3003,1572,2307,1858,4127,3801,2304,1412,1946,2017,3703,3586,1238,2403,5524,2177,3597,2013,1687,3333,5870,6198,1533,2131,3981,2921,2189,2077,3244,3631,1434,1357,2130,1422,1148,1298,1447,1227,1380,1414,1162,1736,1943
N05AD01,2713,1079,745,1090,1638,2014,1255,1686,801,1198,1542,801,1595,892,2534,1222,2611,1965,2675,846,1681,923,1966,2003,2461,1087,2752,1600,2317,706,884,735,995,1054,754,1614,1436,818,3174,1277,1776,2627,1940,793,1125,1936,1078,932,2036,1731,850,877,766,937,1547,2521,723,793,1749,933,1330,1073,2342,2147,1367,829,1174,1162,2095,2072,735,1422,3042,1243,2080,1196,982,1943,3243,1533,3408,1246,2258,1730,1263,1213,1898,2093,881,790,1290,856,682,741,818,751,833,856,717,1048,1087
N05AH04,3907,1487,1066,1533,2302,2930,1727,2489,1091,1647,2244,1137,2325,1276,3611,1739,3808,2845,3842,1203,2403,1226,2828,2883,3512,1624,3999,2245,3301,1013,1250,1068,1343,1540,1093,2325,2020,1095,4616,1804,2620,3840,2803,1110,1598,2776,1576,1299,2921,2545,1161,1260,1055,1274,2222,3598,1021,1107,2482,1288,1926,1536,3353,3096,1902,1178,1649,1677,2951,2995,1047,2001,4435,1823,2970,1615,1418,2720,4728,2131,1246,4993,3258,2424,1865,1711,2648,2991,1226,1109,1768,1142,957,1100,1246,1008,1142,1212,1021,1435,1580
N05BA01,7710,2768,1934,2785,4314,5544,3253,4641,2006,3088,4193,2090,4263,2318,7022,3161,7416,5339,7573,2103,4470,2259,5317,5412,6804,2903,7935,4152,6346,1776,2173,1867,2422,2704,1898,4296,3770,1998,9356,3277,4864,7520,5401,2019,2818,5300,2838,2349,5464,4718,1996,2281,1870,2282,4112,7134,1800,1978,4625,2324,3461,2813,6449,5920,3527,2063,2977,3087,5631,5585,1843,3648,8941,3311,5637,3019,2502,5185,9705,3981,2258,3258,10334,4515,3255,3103,5017,5645,2178,1954,3244,2065,1735,1933,2131,1813,2026,2078,1764,2604,2948
N05BA04,5440,2039,1455,2051,3170,4038,2406,3391,1472,2225,3028,1602,3109,1779,5043,2379,5278,3850,5362,1603,3257,1664,3847,3932,4939,2145,5648,3007,4554,1354,1652,1397,1846,2028,1477,3166,2760,1507,6558,2457,3519,5362,3910,1460,2111,3878,2109,1708,4009,3493,1517,1687,1404,1712,2991,5120,1355,1471,3408,1737,2557,2095,4604,4315,2629,1551,2184,2267,4118,4029,1383,2707,6292,2472,4035,2255,1858,3797,6768,2921,1730,2424,4515,7142,2451,2323,3652,4107,1635,1482,2433,1572,1260,1466,1620,1357,1576,1584,1346,1951,2202
N05BA06,4005,1552,1100,1551,2401,2977,1782,2527,1168,1727,2277,1168,2339,1303,3718,1771,3844,2874,3897,1192,2408,1248,2872,2902,3561,1657,4050,2270,3413,1033,1225,1069,1346,1530,1099,2356,2111,1131,4709,1850,2646,3870,2893,1143,1577,2837,1587,1320,2962,2628,1169,1261,1096,1275,2244,3723,1056,1130,2568,1340,1957,1615,3436,3150,1971,1169,1664,1744,3017,2970,1052,2054,4530,1850,3030,1710,1406,2796,4813,2189,1263,1865,3255,2451,5061,1773,2742,3036,1220,1135,1829,1198,1032,1102,1222,1036,1208,1190,1020,1441,1618
N05BB01,3795,1473,1066,1476,2277,2840,1721,2420,1098,1635,2179,1103,2228,1234,3505,1729,3656,2746,3754,1141,2353,1223,2773,2781,3394,1555,3870,2168,3208,925,1187,1010,1289,1457,1066,2260,2003,1066,4451,1766,2516,3696,2760,1089,1546,2718,1490,1258,2805,2428,1116,1224,1002,1239,2184,3501,980,1097,2428,1259,1814,1549,3269,2992,1858,1166,1580,1655,2943,2897,1028,1965,4267,1829,2925,1658,1359,2707,4597,2077,1213,1711,3103,2323,1773,4825,2598,2931,1202,1099,1780,1169,944,1057,1157,932,1157,1180,983,1439,1587
N05CD07,6185,2257,1623,2309,3548,4498,2637,3824,1660,2542,3438,1738,3495,1954,5722,2627,6009,4387,6147,1771,3631,1824,4352,4462,5546,2463,6424,3410,5210,1509,1831,1532,2030,2259,1595,3551,3088,1682,7448,2724,3897,5999,4411,1657,2372,4353,2367,1974,4453,3953,1703,1897,1598,1893,3367,5659,1508,1635,3801,1931,2854,2353,5240,4797,2925,1724,2451,2581,4675,4490,1508,3036,7133,2736,4586,2500,2105,4284,7715,3244,1898,2648,5017,3652,2742,2598,8166,4558,1784,1656,2702,1712,1451,1652,1808,1506,1677,1728,1456,2190,2431
N05CF01,7006,2537,1826,2593,3994,5039,2919,4313,1832,2819,3808,1932,3947,2142,6434,2927,6756,4874,6961,1978,4132,2067,4874,5041,6251,2684,7231,3779,5838,1629,2027,1715,2220,2497,1761,3928,3510,1821,8443,3066,4407,6808,4948,1820,2605,4814,2649,2171,4999,4399,1844,2072,1757,2129,3780,6424,1670,1814,4247,2156,3208,2576,5854,5338,3250,1928,2740,2816,5125,5095,1695,3374,8107,3041,5138,2879,2338,4794,8767,3631,2093,2991,5645,4107,3036,2931,4558,9292,2038,1876,2996,1989,1600,1832,2032,1684,1918,1945,1617,2413,2714
N06AX11,2590,1007,760,1025,1557,1957,1211,1704,782,1137,1551,784,1575,870,2382,1229,2510,1879,2595,807,1609,857,1885,1866,2394,1095,2661,1549,2188,696,811,700,935,1033,757,1544,1394,767,3028,1254,1759,2552,1915,759,1085,1882,1108,863,1949,1726,775,880,762,891,1473,2424,701,784,1706,904,1312,1094,2231,2093,1334,756,1136,1179,1976,1951,686,1378,2935,1236,1974,1134,938,1875,3132,1434,881,1226,2178,1635,1220,1202,1784,2038,3279,783,1195,819,692,751,842,682,780,776,711,987,1081
P01AB01,2411,971,690,988,1440,1774,1067,1585,718,1083,1387,736,1415,848,2238,1118,2350,1791,2374,753,1508,795,1776,1767,2183,1037,2479,1431,2072,657,754,652,849,976,667,1469,1286,716,2788,1158,1620,2351,1776,728,1019,1738,984,821,1831,1580,731,780,709,811,1387,2253,645,702,1540,828,1228,987,2053,1895,1217,739,1002,1106,1906,1849,656,1255,2730,1155,1852,1090,902,1741,2907,1357,790,1109,1954,1482,1135,1099,1656,1876,783,3033,1120,745,599,715,767,659,750,714,655,935,1037
R03AC02,3920,1529,1084,1564,2311,2915,1734,2483,1151,1685,2282,1194,2313,1278,3683,1804,3785,2845,3907,1178,2387,1265,2813,2937,3502,1622,4086,2214,3320,973,1235,1036,1347,1505,1101,2298,1980,1135,4654,1827,2574,3829,2882,1099,1559,2806,1587,1329,2875,2572,1115,1285,1074,1293,2200,3672,1013,1107,2521,1283,1943,1565,3426,3074,1892,1162,1612,1693,2996,2958,1044,2020,4502,1816,2990,1614,1421,2743,4806,2130,1290,1768,3244,2433,1829,1780,2702,2996,1195,1120,5038,1181,964,1054,1229,1020,1164,1168,988,1455,1608
R03AK06,2548,1036,714,1026,1540,1896,1191,1617,778,1110,1502,794,1496,821,2363,1146,2442,1826,2493,797,1575,819,1831,1878,2270,1074,2584,1460,2178,690,809,689,883,979,701,1507,1361,732,2946,1230,1695,2507,1861,758,1032,1810,1074,860,1920,1658,758,848,700,858,1417,2322,699,717,1618,857,1233,1008,2169,1976,1261,770,1052,1095,1926,1886,694,1340,2835,1183,1938,1138,920,1777,3047,1422,856,1142,2065,1572,1198,1169,1712,1989,819,745,1181,3179,640,753,833,685,745,774,662,987,1039
R03AL02,2049,826,611,846,1229,1598,980,1335,618,931,1213,646,1279,686,1951,972,2018,1478,2072,649,1292,669,1503,1561,1867,895,2138,1223,1788,535,698,554,733,826,618,1270,1101,636,2440,953,1396,2015,1513,618,848,1501,869,750,1536,1380,641,644,596,729,1201,1917,569,616,1345,735,1019,874,1807,1653,1034,648,893,949,1594,1588,578,1076,2369,1023,1596,933,771,1487,2496,1148,682,957,1735,1260,1032,944,1451,1600,692,599,964,640,2623,616,673,560,644,679,537,794,862
R03BB04,2352,985,681,941,1451,1765,1077,1531,707,1093,1357,750,1385,802,2185,1095,2297,1727,2352,775,1463,777,1713,1722,2153,982,2420,1381,2004,624,767,670,845,908,664,1392,1263,680,2750,1105,1586,2296,1713,682,980,1707,998,783,1803,1528,737,804,655,812,1341,2195,670,733,1531,814,1195,970,1986,1856,1165,711,1025,1053,1768,1790,686,1198,2659,1164,1801,1007,894,1666,2849,1298,741,1100,1933,1466,1102,1057,1652,1832,751,715,1054,753,616,2982,777,630,716,706,609,887,966
R06AE07,2620,1063,713,1063,1564,1950,1219,1685,746,1186,1547,835,1560,898,2435,1198,2547,1904,2528,830,1617,847,1923,1974,2348,1103,2680,1542,2218,682,867,728,917,1043,749,1609,1415,798,3037,1232,1758,2548,1948,772,1089,1882,1146,909,1939,1735,784,850,762,887,1469,2426,713,791,1703,867,1308,1088,2238,2034,1317,812,1101,1180,2009,2005,705,1360,2936,1261,2005,1118,972,1867,3109,1447,818,1246,2131,1620,1222,1157,1808,2032,842,767,1229,833,673,777,3275,732,783,813,693,1023,1075
S01AA01,2167,877,673,896,1357,1604,1006,1392,634,943,1279,685,1306,700,2014,1009,2094,1592,2153,683,1330,745,1585,1611,1921,926,2208,1290,1830,591,673,612,762,856,635,1331,1136,651,2505,1048,1452,2116,1619,658,854,1569,914,752,1648,1413,686,747,603,724,1256,2036,632,633,1420,731,1062,931,1869,1729,1099,656,932,926,1667,1645,579,1118,2450,1048,1677,951,809,1559,2593,1227,751,1008,1813,1357,1036,932,1506,1684,682,659,1020,685,560,630,732,2713,670,665,563,834,949
S01AE05,2449,971,704,982,1497,1871,1140,1600,752,1039,1445,755,1458,860,2290,1147,2373,1802,2418,775,1537,827,1813,1799,2213,1021,2495,1408,2072,650,800,691,868,963,712,1527,1313,747,2841,1224,1656,2403,1824,739,1020,1770,993,856,1886,1601,750,834,687,797,1460,2317,622,708,1619,829,1210,1009,2146,1947,1243,741,1064,1097,1887,1882,667,1255,2762,1153,1883,1101,905,1791,2932,1380,833,1142,2026,1576,1208,1157,1677,1918,780,750,1164,745,644,716,783,670,3078,751,661,928,1104
S01BA04,2558,996,773,1009,1544,1873,1164,1685,754,1132,1510,768,1507,840,2322,1131,2432,1837,2509,774,1599,837,1838,1888,2273,1059,2583,1462,2165,661,849,710,904,996,730,1525,1337,763,2940,1227,1739,2473,1854,743,1037,1820,1031,864,1910,1701,752,823,700,884,1460,2370,703,723,1652,887,1229,1053,2215,2020,1249,731,1089,1147,1911,1904,694,1321,2853,1228,1952,1136,919,1783,3015,1414,856,1212,2078,1584,1190,1180,1728,1945,776,714,1168,774,679,706,813,665,751,3174,665,1003,1059
S01CA01,2136,877,609,875,1306,1619,1009,1397,636,961,1265,626,1265,718,1966,983,2038,1570,2100,680,1313,682,1567,1535,1902,905,2175,1249,1798,558,752,624,765,868,634,1285,1135,632,2509,995,1413,2070,1518,653,855,1514,892,707,1571,1381,670,703,604,699,1224,2008,585,622,1360,723,1048,858,1802,1706,1073,641,928,940,1645,1617,567,1136,2373,1012,1636,928,789,1498,2540,1162,717,1021,1764,1346,1020,983,1456,1617,711,655,988,662,537,609,693,563,661,665,2660,807,941
S01XA20,3127,1283,921,1248,1921,2351,1475,2068,901,1393,1808,979,1873,1043,2907,1424,3066,2306,3144,967,1975,998,2269,2299,2838,1322,3237,1807,2696,845,991,861,1106,1241,873,1879,1652,923,3702,1501,2133,3082,2323,911,1283,2277,1297,1087,2362,2081,926,1042,847,1067,1860,2927,810,896,2066,1081,1583,1237,2724,2506,1582,949,1335,1366,2436,2378,820,1652,3560,1499,2420,1367,1138,2238,3810,1736,1048,1435,2604,1951,1441,1439,2190,2413,987,935,1455,987,794,887,1023,834,928,1003,807,3973,1312
V03AE01,3514,1396,973,1411,2112,2628,1596,2236,1006,1522,2024,1050,2060,1155,3296,1583,3423,2577,3506,1089,2178,1137,2548,2609,3141,1457,3599,2022,2956,910,1101,957,1244,1363,997,2099,1864,974,4182,1649,2300,3448,2629,1047,1397,2502,1439,1169,2626,2261,1014,1166,1005,1158,2006,3303,885,1029,2243,1163,1707,1446,3036,2805,1739,1044,1523,1554,2714,2643,957,1824,4029,1626,2643,1560,1269,2478,4297,1943,1087,1580,2948,2202,1618,1587,2431,2714,1081,1037,1608,1039,862,966,1075,949,1104,1059,941,1312,4507
